"code_site","entite_concerne","status_ev","src_ev","date_ev","date_rap","date_entree","pers_contact","remarques","code_utilisateur"
"H-01","internet","up",1,"2020-04-16","2020-04-17","2020-04-18","Jean Mackenson","Aucun",1001
"H-01","isante","up",1,"2020-04-16","2020-04-17","2020-04-18","Jean Mackenson","Aucun",1001
"H-01","fingerprint","up",1,"2020-04-16","2020-04-17","2020-04-18","Jean Mackenson","Aucun",1001
"H-02","internet","up",1,"2020-04-16","2020-04-17","2020-04-18","Jean Mackenson","Aucun",1001
"H-02","isante","up",1,"2020-04-16","2020-04-17","2020-04-18","Jean Mackenson","Aucun",1001
"H-02","fingerprint","up",1,"2020-04-16","2020-04-17","2020-04-18","Jean Mackenson","Aucun",1001
"H-03","internet","up",1,"2020-04-16","2020-04-17","2020-04-18","Jean Mackenson","Aucun",1001
"H-03","isante","up",1,"2020-04-16","2020-04-17","2020-04-18","Jean Mackenson","Aucun",1001
"H-03","fingerprint","up",1,"2020-04-16","2020-04-17","2020-04-18","Jean Mackenson","Aucun",1001
"H-04","internet","up",1,"2020-04-16","2020-04-17","2020-04-18","Jean Mackenson","Aucun",1001
"H-04","isante","up",1,"2020-04-16","2020-04-17","2020-04-18","Jean Mackenson","Aucun",1001
"H-04","fingerprint","up",1,"2020-04-16","2020-04-17","2020-04-18","Jean Mackenson","Aucun",1001
"H-05","internet","up",1,"2020-04-16","2020-04-17","2020-04-18","Jean Mackenson","Aucun",1001
"H-05","isante","up",1,"2020-04-16","2020-04-17","2020-04-18","Jean Mackenson","Aucun",1001
"H-05","fingerprint","up",1,"2020-04-16","2020-04-17","2020-04-18","Jean Mackenson","Aucun",1001
"H-06","internet","up",1,"2020-04-16","2020-04-17","2020-04-18","Jean Mackenson","Aucun",1001
"H-06","isante","up",1,"2020-04-16","2020-04-17","2020-04-18","Jean Mackenson","Aucun",1001
"H-06","fingerprint","up",1,"2020-04-16","2020-04-17","2020-04-18","Jean Mackenson","Aucun",1001
"H-07","internet","up",1,"2020-04-16","2020-04-17","2020-04-18","Jean Mackenson","Aucun",1001
"H-07","isante","up",1,"2020-04-16","2020-04-17","2020-04-18","Jean Mackenson","Aucun",1001
"H-07","fingerprint","up",1,"2020-04-16","2020-04-17","2020-04-18","Jean Mackenson","Aucun",1001
"H-08","internet","up",1,"2020-04-16","2020-04-17","2020-04-18","Jean Mackenson","Aucun",1001
"H-08","isante","up",1,"2020-04-16","2020-04-17","2020-04-18","Jean Mackenson","Aucun",1001
"H-08","fingerprint","up",1,"2020-04-16","2020-04-17","2020-04-18","Jean Mackenson","Aucun",1001
"H-09","internet","up",1,"2020-04-16","2020-04-17","2020-04-18","Jean Mackenson","Aucun",1001
"H-09","isante","up",1,"2020-04-16","2020-04-17","2020-04-18","Jean Mackenson","Aucun",1001
"H-09","fingerprint","up",1,"2020-04-16","2020-04-17","2020-04-18","Jean Mackenson","Aucun",1001
"H-10","internet","up",1,"2020-04-16","2020-04-17","2020-04-18","Jean Mackenson","Aucun",1001
"H-10","isante","up",1,"2020-04-16","2020-04-17","2020-04-18","Jean Mackenson","Aucun",1001
"H-10","fingerprint","up",1,"2020-04-16","2020-04-17","2020-04-18","Jean Mackenson","Aucun",1001
